title,company,location,apply link
Senior Backend Engineer (Python/Django) (m/f/d),Motius GmbH,"Belgrad, Serbien",https://stackoverflow.com/jobs/565746
Python Software Engineer (Quant Trading Firm),"Old Mission Capital, LLC","Chicago, IL",https://stackoverflow.com/jobs/528807
Senior Backend Engineer - Python,Cornershop,"São Paulo, Brazil",https://stackoverflow.com/jobs/515697
Software Developer (Python),Picnic,"Amsterdam, Netherlands",https://stackoverflow.com/jobs/292346
Python Engineer,McD Tech Labs,"Mountain View, CA",https://stackoverflow.com/jobs/534766
Backend Engineer (Python/ Django),Sector Labs,"Dubai, United Arab Emirates",https://stackoverflow.com/jobs/518496
Python/Django back-end developer (Remote),Soshace LLC,No office location,https://stackoverflow.com/jobs/561827
Python Developer (Remote),Finsera,No office location,https://stackoverflow.com/jobs/524065
Python Software Developer,EODC GmbH,"Wien, Österreich",https://stackoverflow.com/jobs/496568
Full-Stack Engineer (Python OR Javascript),Neo4j,"Malmö, Sweden",https://stackoverflow.com/jobs/362199
"Tech Lead, Python Systems Engineering",McD Tech Labs,"Mountain View, CA",https://stackoverflow.com/jobs/523801
Python Software Engineer,Captivation Software,"Fort Meade, MD",https://stackoverflow.com/jobs/525426
C++ and Python software engineers - Metrology,ASML,"Veldhoven, Netherlands",https://stackoverflow.com/jobs/523429
Senior Backend Engineer - Python - México,Cornershop by Uber,No office location,https://stackoverflow.com/jobs/526139
Senior Software Engineer (Python),HENNGE K.K.,"Tokyo, Japan",https://stackoverflow.com/jobs/555511
Python Developer (Remote),X-Team,No office location,https://stackoverflow.com/jobs/534454
Python Entwickler*in Remote (f/m/d),Ambient,"Köln, Deutschland",https://stackoverflow.com/jobs/493874
Senior Python/Django Full-stack Developer,Apicbase Belgium,No office location,https://stackoverflow.com/jobs/545356
Junior Backend (Python / Django) Engineer (m/f/x),Alasco,"München, Germany",https://stackoverflow.com/jobs/559737
Senior Software Developer Python (m/f/d),Ströer Online Marketing,"Hamburg, Deutschland",https://stackoverflow.com/jobs/462625
Python Web Application Developer (Entry or Mid Level),"Cipher Tech Solutions, Inc",No office location,https://stackoverflow.com/jobs/561032
Senior Python Backend Developer,Alfi Inc.,"Belfast, UK",https://stackoverflow.com/jobs/520640
Lead/Senior Software Engineer (Python/Django),Sector Labs,"Dubai, United Arab Emirates",https://stackoverflow.com/jobs/551454
Senior Data Engineer (Python) - Remote,SemanticBits,No office location,https://stackoverflow.com/jobs/559051
Principal Python Engineer,ComplyAdvantage,"London, UK",https://stackoverflow.com/jobs/504216
"SENIOR FULL-STACK DEV WITH RUBY / PYTHON / REACT NATIVE -- 100% REMOTE, FLEXIBLE",Analytics Fire,No office location,https://stackoverflow.com/jobs/517987
Senior Data Engineer (Python) - Remote,SemanticBits,No office location,https://stackoverflow.com/jobs/559051
Principal Python Engineer,ComplyAdvantage,"London, UK",https://stackoverflow.com/jobs/504216
Senior Fullstack Engineer (Python/Django/React)- #12 of Top-100 Marketplaces,StyleSeat,No office location,https://stackoverflow.com/jobs/561047
Backend developer (Python/Django) with a passion for open source,5 Monkeys Agency ABvia5 Monkeys Agency AB,"Stockholm, Sweden",https://stackoverflow.com/jobs/546429
Senior Python Backend Developer,Alfi Inc.,"Belfast, UK",https://stackoverflow.com/jobs/520640
Software Engineer (Python AWS),Wizeline,"Phường 12 (Quận 10), Vietnam",https://stackoverflow.com/jobs/487852
Softwareentwickler (m/w/d) Backend Python/Go,Hetzner Cloud GmbH,"Unterföhring, Deutschland",https://stackoverflow.com/jobs/272624
"Senior Data Engineer (Python, Kafka, Airflow)",AMBOSS,"Berlin, Germany",https://stackoverflow.com/jobs/415218
Sr. Full Stack Engineer- Python,AutoTrader,"Toronto, ON, Canada",https://stackoverflow.com/jobs/529021
Contract Python Engineer - £500-600/day - Outside IR35 - Remote/UK - ClimateTech,Confido Talent,No office location,https://stackoverflow.com/jobs/565900
Senior Software Engineer Python,H & M Hennes & Mauritz GBC AB,"Stockholm, Sweden",https://stackoverflow.com/jobs/529343
Python Software Engineer - International growing scale-up!,Channable,"Utrecht, Netherlands",https://stackoverflow.com/jobs/265091
Python Software Engineer (Data Pipeline),Bloomreach,No office location,https://stackoverflow.com/jobs/524987
Senior Software Engineer - Python,DIGARC,No office location,https://stackoverflow.com/jobs/497630
Senior Backend (Python / Django) Engineer (m/f/x),Alasco,"München, Germany",https://stackoverflow.com/jobs/559740
"Python Back End Developer (FastAPI, Django, Celery)","Daupler, Inc.","Kansas City, MO",https://stackoverflow.com/jobs/523350
Python Developer/ Trading Systems Engineer,Huxley Banking & Financial ServicesviaHuxley (US),"New York, NY",https://stackoverflow.com/jobs/522467
Software Engineer (Python Data Stack) (m/f/d),QuantCo,"Karlsruhe, Germany",https://stackoverflow.com/jobs/349976
Backend developer (Python/Django) with a passion for open source,5 Monkeys Agency ABvia5 Monkeys Agency AB,"Göteborg, Sweden",https://stackoverflow.com/jobs/546428
Senior Data Engineer - Python Technologies,Capital Group,"Irvine, CA",https://stackoverflow.com/jobs/538626
Software Engineers - Cloud Reliability & Infrastructure (Python or Java),Canva,"Sydney, Australia",https://stackoverflow.com/jobs/373689
Python Developer/ Data Engineer,Huxley Banking & Financial ServicesviaHuxley (US),"New York, NY",https://stackoverflow.com/jobs/522466
"QA Automation Engineer ( Python, Pytest)",Modus Create,No office location,https://stackoverflow.com/jobs/565910
Software Engineer - Machine Learning Team (Python/C++) (m/w/d),Volume Graphics GmbH,"Heidelberg, Deutschland",https://stackoverflow.com/jobs/550558
Lead Software Engineer - Python Focus Big Loop Systems (m/f/d),CARIAD,"Ingolstadt, Germany",https://stackoverflow.com/jobs/547925
Administrator / Systembetreuer Python (w/m/d),energy & meteo systems GmbH,"Oldenburg, Deutschland",https://stackoverflow.com/jobs/565266
"Back End Engineer (Python, AWS)",Modus Create,No office location,https://stackoverflow.com/jobs/560131
Python Developer suchen Kollegen (m/w/d),solute GmbH,"Karlsruhe, Deutschland",https://stackoverflow.com/jobs/284443
Senior Data Engineer - Python Technologies,Capital Group,"Irvine, CA",https://stackoverflow.com/jobs/538626
Senior Python Softwareentwickler:in (m/w/d),JobRad GmbH,"Freiburg im Breisgau, Deutschland",https://stackoverflow.com/jobs/563123
Software Engineers - Cloud Reliability & Infrastructure (Python or Java),Canva,"Sydney, Australia",https://stackoverflow.com/jobs/373689
Contract Python Engineer - £500-600/day - Outside IR35 - Remote/UK - ClimateTech,Confido Talent,No office location,https://stackoverflow.com/jobs/565900
"QA Automation Engineer ( Python, Pytest)",Modus Create,No office location,https://stackoverflow.com/jobs/565910
Software Engineer - Machine Learning Team (Python/C++) (m/w/d),Volume Graphics GmbH,"Heidelberg, Deutschland",https://stackoverflow.com/jobs/550558
"SENIOR FULL-STACK DEV WITH RUBY / PYTHON / REACT NATIVE -- 100% REMOTE, FLEXIBLE",Analytics Fire,No office location,https://stackoverflow.com/jobs/517987
Python Engineer,Intel Corporation,"Gdańsk, Poland",https://stackoverflow.com/jobs/529943
Python Developer/ Trading Systems Engineer,Huxley Banking & Financial ServicesviaHuxley (US),"New York, NY",https://stackoverflow.com/jobs/522467
A 'jack-of-all-trades' for an Agile team - Python Dev/ Tech Lead/ Scrum Master,Pentalog,"Hanoi, Vietnam",https://stackoverflow.com/jobs/554242
Fullstack Cloud Engineer (Python/React/AWS),Montash,No office location,https://stackoverflow.com/jobs/556128
"Data Engineer (Python, SQL)",Huxley Banking & Financial ServicesviaHuxley (US),"Chicago, IL",https://stackoverflow.com/jobs/526406
"Principal Software Engineer, Data (Python & pandas) - London",Synthace Ltd.,"London, UK",https://stackoverflow.com/jobs/554536
"Python Software Engineer, Commercial Systems",Canonical,No office location,https://stackoverflow.com/jobs/560585
Fullstack Developer (Python/React),We Got POP Ltd,"London, UK",https://stackoverflow.com/jobs/525267
Developer Technology Engineer - Test Automation (C++ / Python / Jenkins),Imagination Technologies,"Kings Langley, UK",https://stackoverflow.com/jobs/543473
"Senior Python Software Developer (m/f/d) @ our Partner ADSPERT (Berlin, remote)",solute GmbH,"Berlin, Deutschland",https://stackoverflow.com/jobs/547853
"IoT / Java, Python Entwickler (w/m/d) - bundesweit & Homeoffice",objective partner AG,"Weinheim, Deutschland",https://stackoverflow.com/jobs/550882
(Senior) Python Developer (m/f/d),tribe29 GmbH,"München, Deutschland",https://stackoverflow.com/jobs/526671
"Senior IoT Developer (M/W/D/) Python, C++",VISPIRON CHARGE-V GmbH,"München, Deutschland",https://stackoverflow.com/jobs/524044
"Senior Software Engineer, Integration QA, Python",Canonical,No office location,https://stackoverflow.com/jobs/519661
"Arista Networks is hiring Front End Engineer for Dublin office(JS, React+Redux)","Arista Networks, Inc","Dublin, Ireland",https://stackoverflow.com/jobs/482910
"IoT / Java, Python Entwickler (w/m/d) - bundesweit & Homeoffice",objective partner AG,"Weinheim, Deutschland",https://stackoverflow.com/jobs/550882
(Senior) Python Developer (m/f/d),tribe29 GmbH,"München, Deutschland",https://stackoverflow.com/jobs/526671
Frontend React.js Developer (Remote),Soshace LLC,No office location,https://stackoverflow.com/jobs/561825
Node.js Developer (Remote),Soshace LLC,No office location,https://stackoverflow.com/jobs/561826
Cloud Automation Engineer,tribe29 GmbH,"München, Deutschland",https://stackoverflow.com/jobs/547843
Analyste solution/ Chef de projet déploiement Smart O&M (H/F),ENGIE Digital,"Paris, France",https://stackoverflow.com/jobs/548602
DevOps Engineer with interesting scale up challenges,Channable,"Utrecht, Netherlands",https://stackoverflow.com/jobs/500253
Product Owner Smart O&M (H/F),ENGIE Digital,"Paris, France",https://stackoverflow.com/jobs/554454
QA Analyst (H/F),ENGIE Digital,"Paris, France",https://stackoverflow.com/jobs/528279
Senior Full-stack Web Developer,F-Secure,"Poznań, Poland",https://stackoverflow.com/jobs/526479
Senior Full-stack Web Developer,F-Secure,"Basingstoke, UK",https://stackoverflow.com/jobs/535566
Android Developer,F-Secure,"Helsinki, Finland",https://stackoverflow.com/jobs/552308
Experienced Front-end Developer,F-Secure,"Helsinki, Finland",https://stackoverflow.com/jobs/552301
iOS Developers,F-Secure,"Helsinki, Finland",https://stackoverflow.com/jobs/552307
Penetration Tester - Cyber Security,F-Secure,"London, UK",https://stackoverflow.com/jobs/554863
Senior Data Scientist / Data Engineer,F-Secure,"Poznań, Poland",https://stackoverflow.com/jobs/538605
C++ developer in Berlin. 120 000 euro per year,think-cell,"Berlin, Germany",https://stackoverflow.com/jobs/36832
iOS Developer,Marks & Spencer,"London, UK",https://stackoverflow.com/jobs/530984
Full-Stack Software Engineer,Marks & Spencer,"London, UK",https://stackoverflow.com/jobs/530982
Android Developer,Marks & Spencer,"London, UK",https://stackoverflow.com/jobs/530799
Technical Lead - Data Event Platform,Marks & Spencer,"London, UK",https://stackoverflow.com/jobs/530983
Software Engineer - Full Stack,UPowr Pty Ltd,"Sydney, Australia",https://stackoverflow.com/jobs/501250
Full-stack web developer (in biodiversity informatics),INBO - Research Institute for Nature and Forest,"Brussels, Belgium",https://stackoverflow.com/jobs/565883
Backend Developer,AudioValley,"Paris, France",https://stackoverflow.com/jobs/518186
(Senior) Backend Engineer at sustainable start-up (m/f/x) - Munich or Remote,FINN,"München, Germany",https://stackoverflow.com/jobs/331741
Fully Remote Senior or Staff Software Engineer - Platform9,Platform9viaSource Coders,"Mountain View, CA",https://stackoverflow.com/jobs/565834
Softwareentwickler*in (m/w/x) (Vollzeit),Orendt Studios GmbH,"Hamburg, Deutschland",https://stackoverflow.com/jobs/565680
"Software Developers for our offices in Berlin, Hamburg, Göttingen or Abingdon",Evotec SE,"Hamburg, Germany",https://stackoverflow.com/jobs/524299
"Software Engineer, Backend",SmartNews,"Shibuya City, Japan",https://stackoverflow.com/jobs/208334
Backend Engineer (Remote),Eterlast,"Barcelona, Spain",https://stackoverflow.com/jobs/563092
Software Engineer - Full Stack,UPowr Pty Ltd,"Sydney, Australia",https://stackoverflow.com/jobs/501250
Backend Engineer/ Working Student (m/f/d),Motius GmbH,"München, Deutschland",https://stackoverflow.com/jobs/565857
Intertoob Scanner Builder (Fullstack Engineer),Carve Systems,"Golden, CO",https://stackoverflow.com/jobs/517498
React Front End Developer,"Daupler, Inc.","Kansas City, MO",https://stackoverflow.com/jobs/523351
Software Engineer,Slimmer AI,"Amsterdam, Netherlands",https://stackoverflow.com/jobs/552562
VP Engineering at sustainable start-up (m/f/x) - Brazil/Latin America (Remote),FINN,"München, Germany",https://stackoverflow.com/jobs/445056
Senior Full Stack Developer,Motosumo ApS,"Herlev, Denmark",https://stackoverflow.com/jobs/565886
Senior Software Developer (Full Stack),Jewel Paymentech Pte Ltd,Singapore,https://stackoverflow.com/jobs/534474
Full-Stack Technical Lead,SSENSE,"Austin, TX",https://stackoverflow.com/jobs/521737
Backend Developer (Node.js),RBW ConsultingviaRBW Consulting,"Boston, MA",https://stackoverflow.com/jobs/565674
Backend Developer - APIs Team,Octopus Energy,"London, UK",https://stackoverflow.com/jobs/533658
Senior Backend Architect (m/f/d),Motius GmbH,"München, Deutschland",https://stackoverflow.com/jobs/565858
Backend Developer,Remote Crew LDA,No office location,https://stackoverflow.com/jobs/565778
Full-Stack Technical Lead,SSENSE,"Montreal, QC, Canada",https://stackoverflow.com/jobs/521742
Software Engineer - Build the next generation of AI platform,Signal AI,"London, UK",https://stackoverflow.com/jobs/246027
"Backend Software Engineer, DevOps",Avature,No office location,https://stackoverflow.com/jobs/565332
"Full Stack Software Engineer, Business Integrity",ByteDance,Singapore,https://stackoverflow.com/jobs/553099
Full Stack Web Developer (m/w/d),solute GmbH,"Karlsruhe, Deutschland",https://stackoverflow.com/jobs/556141
Backend Developer,Octopus Energy,"London, UK",https://stackoverflow.com/jobs/197943
Tech Lead Engineering at sustainable start-up (m/f/x) - Munich/New York/Remote,FINN,"München, Germany",https://stackoverflow.com/jobs/541678
Software Engineer (Backend) (m/f/d),QuantCo,"Berlin, Germany",https://stackoverflow.com/jobs/409511
Senior Software Engineer - Full-Stack,Blend HRM Inc,"Burlingame, CA",https://stackoverflow.com/jobs/530162
Senior Backend Architect (m/f/d),Motius GmbH,"München, Deutschland",https://stackoverflow.com/jobs/565858
VP Engineering at sustainable start-up (m/f/x) - Brazil/Latin America (Remote),FINN,"München, Germany",https://stackoverflow.com/jobs/445056
"Full Stack Software Engineer, Business Integrity",ByteDance,Singapore,https://stackoverflow.com/jobs/553099
"Software Engineer, Platform Infrastructure",SmartNews,"Shibuya City, Japan",https://stackoverflow.com/jobs/448299
Senior Full Stack Developer,Motosumo ApS,"Herlev, Denmark",https://stackoverflow.com/jobs/565886
Front-End Software Engineer,HENNGE K.K.,"Tokyo, Japan",https://stackoverflow.com/jobs/381280
Software Engineer (m/w/d) IoT – Schwerpunkt Stream Analytics,Schuler Pressen GmbH,"Göppingen, Deutschland",https://stackoverflow.com/jobs/562571
"Senior Site Reliability Engineer (SRE) (m/w/d), 100% Remote möglich",Flip GmbH,"Stuttgart, Deutschland",https://stackoverflow.com/jobs/564247
Remote Fullstack Entwicklerin (m/w/d),Ambient,"Köln, Deutschland",https://stackoverflow.com/jobs/552969
Senior Backend Developer - Paylater,Unzer GmbH,"Frankfurt, Germany",https://stackoverflow.com/jobs/536785
Backend Software Engineer - SDVI Rally Core,SDVI,No office location,https://stackoverflow.com/jobs/451625
Front End Software Engineer – HPC Products,DUG Technology,"West Perth, Australia",https://stackoverflow.com/jobs/528137
Full-Stack Software Engineer (C# + .NET 6 / React + Typescript) (f/m/d),HeidelbergCement AG,"Heidelberg, Deutschland",https://stackoverflow.com/jobs/559624
"Frontend Software Engineer, Business Integrity",ByteDance,Singapore,https://stackoverflow.com/jobs/553035
"Backend Software Engineer, Customer Service Platform",ByteDance,Singapore,https://stackoverflow.com/jobs/529048
Backend Software Engineer - Trust and Safety Engineering,ByteDance,Singapore,https://stackoverflow.com/jobs/546396
Lead Full-Stack Software Engineer (Tech Lead) (f/m/d),HeidelbergCement AG,"Heidelberg, Deutschland",https://stackoverflow.com/jobs/557326
Software Developer / IT Specialist for the Research Infrastructure at our PETRA,Helmholtz Zentrum Geesthacht (HZG),"Hamburg, Deutschland",https://stackoverflow.com/jobs/561270
Software Engineer - Build the next generation of AI platform,Signal AI,"London, UK",https://stackoverflow.com/jobs/246027
"Backend Software Engineer, DevOps",Avature,No office location,https://stackoverflow.com/jobs/565332
"Full-Stack Developer (JavaScript, Node.JS) - REMOTE",MUFG,No office location,https://stackoverflow.com/jobs/559442
Lead Data Scientist,Singapore Innovate Pte. Ltd,Singapore,https://stackoverflow.com/jobs/565885
Middleware C++ Software Engineer for Linux (f/m/x),BMW Group,"Ulm, Deutschland",https://stackoverflow.com/jobs/528145
"Backend Software Engineer, DevOps",Avature,No office location,https://stackoverflow.com/jobs/565332
"Senior Software Engineer, Backend - Landscape",Canonical,No office location,https://stackoverflow.com/jobs/551337
"Full-Stack Developer (JavaScript, Node.JS) - REMOTE",MUFG,No office location,https://stackoverflow.com/jobs/559442
Lead Data Scientist,Singapore Innovate Pte. Ltd,Singapore,https://stackoverflow.com/jobs/565885
Backend Engineer,Passio Inc.,No office location,https://stackoverflow.com/jobs/555177
Forensic Software/Web Developer (Entry and Mid Levels) - OCONUS Deployable,"Cipher Tech Solutions, Inc","Tampa, FL",https://stackoverflow.com/jobs/562286
Senior Software Engineer - App Store APIs,Canonical,No office location,https://stackoverflow.com/jobs/551466
"Backend Software Engineer, Video Infrastructure",ByteDance,Singapore,https://stackoverflow.com/jobs/547751
Full Stack Web Developer (m/w/d),solute GmbH,"Karlsruhe, Deutschland",https://stackoverflow.com/jobs/556141
DevOps Engineer - 100% Remote,Disy Informationssysteme GmbH,"Karlsruhe, Deutschland",https://stackoverflow.com/jobs/383260
Software Entwickler (m/w/d),NOVOMATIC AG,"Gumpoldskirchen, Österreich",https://stackoverflow.com/jobs/554829
"Backend Engineer, Markets",TradeBlock,"New York, NY",https://stackoverflow.com/jobs/559193
Senior Software Engineer,ZAIKO K.K.,"Minato City, Japan",https://stackoverflow.com/jobs/524414
System Engineer (f/m/d) Kubernetes,ADITION technologies AG,"Freiburg im Breisgau, Deutschland",https://stackoverflow.com/jobs/525462
Backend Engineer - Partner API,Runtastic,"Vienna, Austria",https://stackoverflow.com/jobs/507680
Senior Full Stack Developer at Kogan.com,We Are Common,"Melbourne, Australia",https://stackoverflow.com/jobs/531156
Web Engineer,Signal AI,"London, UK",https://stackoverflow.com/jobs/273615
Senior Backend Engineer (Go),Bigblue,"Paris, France",https://stackoverflow.com/jobs/505290
Software Engineer,The Orchard,"London, UK",https://stackoverflow.com/jobs/543314
Senior Full Stack Engineer at Leading Education Company,Tynker,No office location,https://stackoverflow.com/jobs/494562
Software Engineer in Test,McD Tech Labs,"Mountain View, CA",https://stackoverflow.com/jobs/523806
Research Software Engineer - HPC (f/m/x),Helmholtz-Zentrum für Umweltforschung GmbH - UFZ,"Leipzig, Deutschland",https://stackoverflow.com/jobs/561021
Junior Frontend (TypeScript / React) Engineer (m/f/x),Alasco,"München, Germany",https://stackoverflow.com/jobs/559738
C++ Software Developer (w/m/d) - Automotive Simulation - Munich / DE-remote,Paradox Cat GmbH,"München, Deutschland",https://stackoverflow.com/jobs/551302
Forensic Software/Web Developer (Entry and Mid Levels) - OCONUS Deployable,"Cipher Tech Solutions, Inc","Tampa, FL",https://stackoverflow.com/jobs/562286
Software Entwickler (m/w/d),NOVOMATIC AG,"Gumpoldskirchen, Österreich",https://stackoverflow.com/jobs/554829
"Backend Engineer, Markets",TradeBlock,"New York, NY",https://stackoverflow.com/jobs/559193
"Backend Tech Lead, Customer Service Platform",ByteDance,Singapore,https://stackoverflow.com/jobs/546681
Senior Software Engineer,ZAIKO K.K.,"Minato City, Japan",https://stackoverflow.com/jobs/524414
Backend Engineer - Partner API,Runtastic,"Vienna, Austria",https://stackoverflow.com/jobs/507680
Senior Software Engineer,Linewize by Family Zone,"Abbotsford, Australia",https://stackoverflow.com/jobs/551649
Web Engineer,Signal AI,"London, UK",https://stackoverflow.com/jobs/273615
Senior Backend Engineer (Go),Bigblue,"Paris, France",https://stackoverflow.com/jobs/505290
Senior Full Stack Engineer at Leading Education Company,Tynker,No office location,https://stackoverflow.com/jobs/494562
Research Software Engineer - HPC (f/m/x),Helmholtz-Zentrum für Umweltforschung GmbH - UFZ,"Leipzig, Deutschland",https://stackoverflow.com/jobs/561021
Junior Software Engineer,Akselos S.A.,"Ho Chi Minh City, Vietnam",https://stackoverflow.com/jobs/411389
"Backend Software Engineer, Business Integrity",ByteDance,Singapore,https://stackoverflow.com/jobs/553036
"Software Engineer, Speech & Audio",ByteDance,Singapore,https://stackoverflow.com/jobs/553106
(Senior) Java Software Engineer | Gdansk,Dynatrace,"Gdańsk, Poland",https://stackoverflow.com/jobs/560068
Junior Frontend (TypeScript / React) Engineer (m/f/x),Alasco,"München, Germany",https://stackoverflow.com/jobs/559738
C++ Software Developer (w/m/d) - Automotive Simulation - Munich / DE-remote,Paradox Cat GmbH,"München, Deutschland",https://stackoverflow.com/jobs/551302
Software Allrounder (m/f/d),AnyDesk Software GmbH,"Stuttgart, Deutschland",https://stackoverflow.com/jobs/564248
Senior Backend Engineer @ Number One Safety App In the World,Citizen,No office location,https://stackoverflow.com/jobs/499674
C++ Software Engineer - Amsterdam,IMC Trading,"Amsterdam, Netherlands",https://stackoverflow.com/jobs/126614
Deep Learning Software Engineer (media software),Intel Corporation,"Bengaluru, India",https://stackoverflow.com/jobs/539260
DevOps Software Development Engineer,Esri,"Redlands, CA",https://stackoverflow.com/jobs/482704
Backend Software Engineer,Contovista,"Schlieren, Switzerland",https://stackoverflow.com/jobs/536774
"Senior Software Engineer, Backend - Landscape",Canonical,No office location,https://stackoverflow.com/jobs/551337
Software Engineer,The Orchard,"New York, NY",https://stackoverflow.com/jobs/543311
Software Engineer in Test,Esri,"Redlands, CA",https://stackoverflow.com/jobs/561053
SOFTWARE CRAFT(WO)MAN Java et/ou JS,Arolla,"Paris, France",https://stackoverflow.com/jobs/496545
Research Software Engineer (f/m/div) – Digital Humans,Max Planck Institute for Intelligent Systems,"Tübingen, Deutschland",https://stackoverflow.com/jobs/562659
Kubernetes Administrator,CYBERTEC PostgreSQL International GmbH,No office location,https://stackoverflow.com/jobs/558995
Senior IIoT Software Architect (m/f/d),Wiferion GmbH,"Freiburg im Breisgau, Deutschland",https://stackoverflow.com/jobs/565598
Software Engineer,MITRE,"McLean, VA",https://stackoverflow.com/jobs/523956
"Senior Software Engineer, Backend",Jelli,"San Mateo, CA",https://stackoverflow.com/jobs/494587
Backend Software Engineer for leading insurtech start-up,iptiQ by Swiss Re,"Hoofddorp, Netherlands",https://stackoverflow.com/jobs/472052
Senior Software Engineer,Avature,No office location,https://stackoverflow.com/jobs/565333
Senior Full Stack Engineer,Versatile Natures,"Tel Aviv-Yafo, Israel",https://stackoverflow.com/jobs/513775
Software Engineer,SUSE,No office location,https://stackoverflow.com/jobs/514397
LMAX Software Developer (Core Java),LMAX Group,"London, UK",https://stackoverflow.com/jobs/181651
"Junior Developer for Cloud Technologies (Kafka, Flink, Terraform)",reeeliance IM GmbH,"Hamburg, Deutschland",https://stackoverflow.com/jobs/516858
Senior Software Engineer (Risk Management),tastyworks,"Chicago, IL",https://stackoverflow.com/jobs/556772
Software Engineer (Java) - Manufacturing SaaS,Plex Systems,"Troy, MI",https://stackoverflow.com/jobs/565861
Front-End Developer (i.e. React),Imaginary Cloud,No office location,https://stackoverflow.com/jobs/565808
(Senior) Android Software Developer - Munich,Paradox Cat GmbH,"München, Deutschland",https://stackoverflow.com/jobs/181583
(Senior) Scala Developer,Unzer GmbH,"Berlin, Germany",https://stackoverflow.com/jobs/506364
Java Software engineer,ProgressiveviaProgressive Staffing Netherlands,"Amsterdam, Netherlands",https://stackoverflow.com/jobs/530992
"Backend Tech Lead, Customer Service Platform",ByteDance,Singapore,https://stackoverflow.com/jobs/546681
Full stack software engineer,Ailo,"Sydney, Australia",https://stackoverflow.com/jobs/372382
(Junior) Data Engineer (m/f/x) onsite or remote (in Germany),Scalable Capital GmbH,"München, Deutschland",https://stackoverflow.com/jobs/516327
Software Validation Engineer,Intel Corporation,"Gdańsk, Poland",https://stackoverflow.com/jobs/529939
Senior Full-Stack Engineer with Node.js - Tradeshift Go,Tradeshift,"Bucharest, Romania",https://stackoverflow.com/jobs/526924
Senior DevOps Engineer (m/f/d) for Supply Chain Cloud Solutions,SupplyOn AG,"Dresden, Deutschland",https://stackoverflow.com/jobs/513203
Full Stack Software Engineer,Samotics,"Leiden, Netherlands",https://stackoverflow.com/jobs/516831
C++ Software Engineer,"Old Mission Capital, LLC","Chicago, IL",https://stackoverflow.com/jobs/528806
Sr. Software Engineer - PHP - Contractor,DIGARC,No office location,https://stackoverflow.com/jobs/521882
Software Engineer - DevOps,Esri,"Stuttgart, Germany",https://stackoverflow.com/jobs/528687
"Engineering Experience, Senior Software Engineer (Remote)",Hotjar,No office location,https://stackoverflow.com/jobs/528857
Software Engineer – React,LifeOmic,"Indianapolis, IN",https://stackoverflow.com/jobs/519007
Software Engineer,MITRE,"McLean, VA",https://stackoverflow.com/jobs/523956
Senior Full Stack Engineer,Versatile Natures,"Tel Aviv-Yafo, Israel",https://stackoverflow.com/jobs/513775
Software Engineer,SUSE,No office location,https://stackoverflow.com/jobs/514397
LMAX Software Developer (Core Java),LMAX Group,"London, UK",https://stackoverflow.com/jobs/181651
Backend Engineer - Partner API,Runtastic,"Vienna, Austria",https://stackoverflow.com/jobs/507680
Senior Software Engineer (Risk Management),tastyworks,"Chicago, IL",https://stackoverflow.com/jobs/556772
Fullstack Engineers – Sokos.fi and Prisma.fi,Suomen Osuuskauppojen Keskuskunta (SOK),"Helsinki, Finland",https://stackoverflow.com/jobs/565889
Full-Stack Software Engineer,Strata Oncology,"Ann Arbor, MI",https://stackoverflow.com/jobs/371127
Software Engineer,Odoo,"Ciudad de México, Mexico",https://stackoverflow.com/jobs/472421
Senior Backend Engineer (Go),Bigblue,"Paris, France",https://stackoverflow.com/jobs/505290
Senior Full Stack Engineer at Leading Education Company,Tynker,No office location,https://stackoverflow.com/jobs/494562
Full Stack Engineer,Odoo,"Buffalo, NY",https://stackoverflow.com/jobs/558069
(Senior) Android Software Developer - Munich,Paradox Cat GmbH,"München, Deutschland",https://stackoverflow.com/jobs/181583
Data Engineer for Insurtech Startup,iptiQ by Swiss Re,"Hoofddorp, Netherlands",https://stackoverflow.com/jobs/471200
"Softwarearchitekt Digitale Signalverarbeitung, Software Defined Radio (m/w/d)",Rheinmetall,"Bremen, Deutschland",https://stackoverflow.com/jobs/560043
(Senior) Scala Developer,Unzer GmbH,"Berlin, Germany",https://stackoverflow.com/jobs/506364
Java Software engineer,ProgressiveviaProgressive Staffing Netherlands,"Amsterdam, Netherlands",https://stackoverflow.com/jobs/530992
Senior Machine Learning Engineer - OPEN TO REMOTE,The RealReal,"San Francisco, CA",https://stackoverflow.com/jobs/557022
Senior Software Developer C++ for Next generation Access Control Solution,By - Access Control Systems,"Madrid, Spain",https://stackoverflow.com/jobs/492501
Full Stack Developer,Catawiki,"Amsterdam, Netherlands",https://stackoverflow.com/jobs/551189
Senior Full-Stack Engineer with Node.js - Tradeshift Go,Tradeshift,"Bucharest, Romania",https://stackoverflow.com/jobs/526924
C++ Software Developer (w/m/d) - Automotive Simulation - Munich / DE-remote,Paradox Cat GmbH,"München, Deutschland",https://stackoverflow.com/jobs/551302
Software Allrounder (m/f/d),AnyDesk Software GmbH,"Stuttgart, Deutschland",https://stackoverflow.com/jobs/564248
Backend Engineer - Tradeshift Engage,Tradeshift,"Aarhus, Denmark",https://stackoverflow.com/jobs/526909
"Engineering Manager, Full Stack - Cisco Meraki - Fully Remote or San Francisco",Cisco MerakiviaSource Coders,No office location,https://stackoverflow.com/jobs/565709
"Senior Manager of Software Engineering, Data Platform (Remote Eligible)",Flyr Inc,"Los Angeles, CA",https://stackoverflow.com/jobs/530715
Senior Full-Stack Engineer,Gorgias,No office location,https://stackoverflow.com/jobs/551752
Software engineer (f/m/d) (Dipl./M.Sc./Ph.D.) in research data management,Helmholtz-Zentrum Berlin für Materialien und Energie GmbH,"Berlin, Deutschland",https://stackoverflow.com/jobs/560071
Staff Software Engineer C++ focus Intelligent Data Aggregation (m/f/d),CARIAD,"Wolfsburg, Germany",https://stackoverflow.com/jobs/547934
Site Reliability Engineer - Infrastructure Engineering,ByteDance,Singapore,https://stackoverflow.com/jobs/553810
Software Architect - Remote,SemanticBits,No office location,https://stackoverflow.com/jobs/522641
Software Integration AI Engineer,Intel Corporation,"George Town, Malaysia",https://stackoverflow.com/jobs/552554
Frontend Engineer (m/w/d),QuantCo,"Karlsruhe, Deutschland",https://stackoverflow.com/jobs/553014
Site Reliability Engineer,Unzer GmbH,"Munich, Germany",https://stackoverflow.com/jobs/565663
Senior DevOps Engineer (Remote),Slido,No office location,https://stackoverflow.com/jobs/519933
Full Stack Engineer,Zattoo,"Berlin, Germany",https://stackoverflow.com/jobs/565749
Mid level QA Engineer,Plotly Technologies Inc,No office location,https://stackoverflow.com/jobs/560730
Sr. Software Eng. (Fog) - MobileCoin (Unicorn Startup): Cryptocurrency Platform,MobileCoinviaSource Coders,No office location,https://stackoverflow.com/jobs/565813
Software Engineer (d/f/m),Stylight,"München, Deutschland",https://stackoverflow.com/jobs/560067
Backend Software Engineer,Contovista,"Schlieren, Switzerland",https://stackoverflow.com/jobs/536774
Senior Backend Engineer,Omnivore Technologies,No office location,https://stackoverflow.com/jobs/558774
"Senior Software Engineer, Javascript",Versus Systems,No office location,https://stackoverflow.com/jobs/556182
Senior Software Engineer / Ruby or Elixir/ Remote,The RealReal,No office location,https://stackoverflow.com/jobs/522850
Senior Front End developer,Apicbase Belgium,No office location,https://stackoverflow.com/jobs/526988
Site Reliability Engineer,Unzer GmbH,"Munich, Germany",https://stackoverflow.com/jobs/565663
Data Engineer,Coda Payments,No office location,https://stackoverflow.com/jobs/557317
Senior Systems Engineer,Quantcast,"London, UK",https://stackoverflow.com/jobs/513340
Junior Software Engineer,Akselos S.A.,"Ho Chi Minh City, Vietnam",https://stackoverflow.com/jobs/411389
"Softwarearchitekt Digitale Signalverarbeitung, Software Defined Radio (m/w/d)",Rheinmetall,"Bremen, Deutschland",https://stackoverflow.com/jobs/560043
"Senior Manager of Software Engineering, Data Platform (Remote Eligible)",Flyr Inc,"Los Angeles, CA",https://stackoverflow.com/jobs/530715
Software Engineer (Migration),Odoo,"San Francisco, CA",https://stackoverflow.com/jobs/472407
Senior Software Developer C++ for Next generation Access Control Solution,By - Access Control Systems,"Madrid, Spain",https://stackoverflow.com/jobs/492501
"Senior Software Engineer, Trust, Education",Chan Zuckerberg Initiative,"Redwood City, CA",https://stackoverflow.com/jobs/537679
Senior Solutions Engineer - AWS,Capital Group,"Irvine, CA",https://stackoverflow.com/jobs/538629
"Software Engineer, Speech & Audio",ByteDance,Singapore,https://stackoverflow.com/jobs/553106
Senior DevOps Engineer (Remote),Slido,No office location,https://stackoverflow.com/jobs/519933
Senior Machine Learning Engineer - OPEN TO REMOTE,The RealReal,"San Francisco, CA",https://stackoverflow.com/jobs/557022
Full Stack Engineer,Zattoo,"Berlin, Germany",https://stackoverflow.com/jobs/565749
Data Engineer,AudioValley,"Anderlecht, Belgium",https://stackoverflow.com/jobs/559308
Senior Software Engineer | Cryptocurrency trading | C++/Rust,BlockTech,"Amsterdam, Netherlands",https://stackoverflow.com/jobs/501179
"Senior Software Engineer, Language",McD Tech Labs,"Mountain View, CA",https://stackoverflow.com/jobs/523798
"Senior Data Engineer, Education",Chan Zuckerberg Initiative,"Redwood City, CA",https://stackoverflow.com/jobs/565328
Senior Backend Engineer @ Number One Safety App In the World,Citizen,No office location,https://stackoverflow.com/jobs/499674
DevOps- Engineer (m/w/d),Volume Graphics GmbH,"Heidelberg, Deutschland",https://stackoverflow.com/jobs/545615
Jr. Software Engineer,FieldRoutes,No office location,https://stackoverflow.com/jobs/560734
Senior Backend Engineer,Omnivore Technologies,No office location,https://stackoverflow.com/jobs/558774
Software-Entwickler (m/w/d),innoventis GmbH,"Würzburg, Deutschland",https://stackoverflow.com/jobs/561812
Senior .Net Engineer,Pinnacle Solutions Group,"Charlotte, NC",https://stackoverflow.com/jobs/546564
Software Craftsmanship Engineer ( F/H),INGENIANCE,"Courbevoie, France",https://stackoverflow.com/jobs/501118
Frontend Engineer (m/w/d),QuantCo,"Karlsruhe, Deutschland",https://stackoverflow.com/jobs/553014
Backend Engineer - Commerce Platform (Remote Eligible EMEA),Spotify,No office location,https://stackoverflow.com/jobs/550392
"Senior Software Engineer, Trust, Education",Chan Zuckerberg Initiative,"Redwood City, CA",https://stackoverflow.com/jobs/537679
(Senior) Backend Developer (f/m/d) Big Data,ADITION technologies AG,"Freiburg im Breisgau, Deutschland",https://stackoverflow.com/jobs/304655
Full Stack Software Engineer,Samotics,"Leiden, Netherlands",https://stackoverflow.com/jobs/516831
Site Reliability Engineer,Zattoo,"Berlin, Germany",https://stackoverflow.com/jobs/565748
Full Stack Developer,Catawiki,"Amsterdam, Netherlands",https://stackoverflow.com/jobs/551189
Senior Software Engineer | Cryptocurrency trading | C++/Rust,BlockTech,"Amsterdam, Netherlands",https://stackoverflow.com/jobs/501179
Site Reliability Engineer - Infrastructure Engineering,ByteDance,Singapore,https://stackoverflow.com/jobs/553810
Mid level QA Engineer,Plotly Technologies Inc,No office location,https://stackoverflow.com/jobs/560730
Software Engineer for observation devices (f/m),Safran Vectronix AG,"Heerbrugg, Switzerland",https://stackoverflow.com/jobs/507270
Staff Software Engineer C++ focus Intelligent Data Aggregation (m/f/d),CARIAD,"Wolfsburg, Germany",https://stackoverflow.com/jobs/547934
Software Engineer (HVM),Intel Corporation,"Kulim, Malaysia",https://stackoverflow.com/jobs/538188
Full Stack Engineer,Odoo,"San Francisco, CA",https://stackoverflow.com/jobs/524056
Senior QA Automation Engineer,Alfi Inc.,"Denver, CO",https://stackoverflow.com/jobs/520178
Sr. Software Eng. (Fog) - MobileCoin (Unicorn Startup): Cryptocurrency Platform,MobileCoinviaSource Coders,No office location,https://stackoverflow.com/jobs/565813
Software Developer (künstliche Intelligenz) - für E-Commerce Agentur in Bremen,hmmh multimediahaus AG,No office location,https://stackoverflow.com/jobs/529059
Vacancy: Software Designer,Topic Embedded Systems B.V.,"Best, Netherlands",https://stackoverflow.com/jobs/562656
Software Engineer - Infrastructure,Chorus One,No office location,https://stackoverflow.com/jobs/552285
"Senior Software Engineer, Javascript",Versus Systems,No office location,https://stackoverflow.com/jobs/556182
Software Engineer,ASRC Federal,"Moorestown, NJ",https://stackoverflow.com/jobs/501183
Senior Software Engineer / Ruby or Elixir/ Remote,The RealReal,No office location,https://stackoverflow.com/jobs/522850
Senior Data Engineer - Recommendations (f/m/d),Delivery Hero SE,"Berlin, Germany",https://stackoverflow.com/jobs/560696
VP of Engineering,TradeBlock,"New York, NY",https://stackoverflow.com/jobs/559195
Senior Front End Engineer,Citizen,No office location,https://stackoverflow.com/jobs/561575
Senior Backend Engineer – Royalties and Reporting (Remote Eligible - EMEA),Spotify,No office location,https://stackoverflow.com/jobs/550869
Senior QA Automation Engineer,Alfi Inc.,"Denver, CO",https://stackoverflow.com/jobs/520178
"Senior Software Engineer, Javascript",Versus Systems,No office location,https://stackoverflow.com/jobs/556182
Software Engineer - Infrastructure,Chorus One,No office location,https://stackoverflow.com/jobs/552285
Software Engineer,ASRC Federal,"Moorestown, NJ",https://stackoverflow.com/jobs/501183
Senior Software Engineer / Ruby or Elixir/ Remote,The RealReal,No office location,https://stackoverflow.com/jobs/522850
Senior Front End Engineer,Citizen,No office location,https://stackoverflow.com/jobs/561575
Senior Data Engineer - Recommendations (f/m/d),Delivery Hero SE,"Berlin, Germany",https://stackoverflow.com/jobs/560696
Senior Data Scientist - Remote,Unite,No office location,https://stackoverflow.com/jobs/565894
"Software Engineer, IoT Manufacturing (m/f/d)",tado GmbH,"München, Deutschland",https://stackoverflow.com/jobs/560707
Software Defined Radio Developer,Captivation Software,"Aberdeen Proving Ground, MD",https://stackoverflow.com/jobs/316048
Senior DevOps Engineer,Tradeshift,"Bucharest, Romania",https://stackoverflow.com/jobs/526929
"Senior Software Engineer, Embedded Systems (m/f/d)",tado GmbH,"München, Deutschland",https://stackoverflow.com/jobs/560708
VP of Engineering,TradeBlock,"New York, NY",https://stackoverflow.com/jobs/559195
Software Engineer,Marbis GmbHviaComputer Futures Solutions GmbH,"Karlsruhe, Deutschland",https://stackoverflow.com/jobs/525397
Software Engineer - Networking Applications,Intel Corporation,"Bengaluru, India",https://stackoverflow.com/jobs/539242
Full Stack Developer (m/w/d),CAS AG,"Hamburg, Deutschland",https://stackoverflow.com/jobs/524589
Senior Software Engineer (Java) – Analytics & Data Infrastructure Team,Mimecast,"London, UK",https://stackoverflow.com/jobs/558740
Site Reliability Engineer (Applied Machine Learning),ByteDance,Singapore,https://stackoverflow.com/jobs/553811
Full Stack Developer,Rakettitiede,"Helsinki, Finland",https://stackoverflow.com/jobs/522743
Build/Release Engineer,Tausight,No office location,https://stackoverflow.com/jobs/556779
Full Stack Engineer (React & Django),Sector Labs,"Cluj-Napoca, Romania",https://stackoverflow.com/jobs/518486
Data Engineer,McD Tech Labs,"Mountain View, CA",https://stackoverflow.com/jobs/523793
"Testing Software Engineer, TikTok e-Commerce",ByteDance,Singapore,https://stackoverflow.com/jobs/533132
Software Development Engineer in Test,Intel Corporation,"Bengaluru, India",https://stackoverflow.com/jobs/539336
Software Engineer - SDVI DevOps,SDVI,No office location,https://stackoverflow.com/jobs/451626
Software Engineer (HVM),Intel Corporation,"Kulim, Malaysia",https://stackoverflow.com/jobs/538188
Vacancy: Software Designer,Topic Embedded Systems B.V.,"Best, Netherlands",https://stackoverflow.com/jobs/562656
Mobile APP Developers - Leading Electronics Company,Pyronix,"Doncaster, UK",https://stackoverflow.com/jobs/524940
Full Stack Engineer,Odoo,"San Francisco, CA",https://stackoverflow.com/jobs/524056
Senior QA Automation Engineer,Alfi Inc.,"Denver, CO",https://stackoverflow.com/jobs/520178
Field Software Engineer - EMEA,Canonical,No office location,https://stackoverflow.com/jobs/501791
Software Engineer - Infrastructure,Chorus One,No office location,https://stackoverflow.com/jobs/552285
Senior Front End Engineer,Citizen,No office location,https://stackoverflow.com/jobs/561575
(Senior) Frontend Engineer (m/w/d) - Trufa,Deloitte Deutschland,"Düsseldorf, Deutschland",https://stackoverflow.com/jobs/533749
(Junior) Consultant (m/w/d) - IT Implementierungsspezialist / Global Employer Se,Deloitte Deutschland,"Düsseldorf, Deutschland",https://stackoverflow.com/jobs/556992
Senior Software Engineer for growing VC-backed UK startup (based in UK/Europe),Snowplow Analytics,No office location,https://stackoverflow.com/jobs/536083
Software Defined Radio Developer,Captivation Software,"Aberdeen Proving Ground, MD",https://stackoverflow.com/jobs/316048
Cloud Software Engineer,Intel Corporation,"Guadalajara, Mexico",https://stackoverflow.com/jobs/536886
"Senior Software Engineer, Embedded Systems (m/f/d)",tado GmbH,"München, Deutschland",https://stackoverflow.com/jobs/560708
VP of Engineering,TradeBlock,"New York, NY",https://stackoverflow.com/jobs/559195
Software Engineer,Marbis GmbHviaComputer Futures Solutions GmbH,"Karlsruhe, Deutschland",https://stackoverflow.com/jobs/525397
Software Engineer - Networking Applications,Intel Corporation,"Bengaluru, India",https://stackoverflow.com/jobs/539242
Site Reliability Engineer- ArcGIS Online,Esri,"Redlands, CA",https://stackoverflow.com/jobs/552702
Full Stack Developer (m/w/d),CAS AG,"Hamburg, Deutschland",https://stackoverflow.com/jobs/524589
Senior Software Engineer (Java) – Analytics & Data Infrastructure Team,Mimecast,"London, UK",https://stackoverflow.com/jobs/558740
Senior Kafka Messaging Software Engineer,Genesys,No office location,https://stackoverflow.com/jobs/547923
Site Reliability Engineer (Applied Machine Learning),ByteDance,Singapore,https://stackoverflow.com/jobs/553811
Software Engineer (App team) - Exponea,Bloomreach,No office location,https://stackoverflow.com/jobs/525008
Build/Release Engineer,Tausight,No office location,https://stackoverflow.com/jobs/556779
Software Engineer - SDVI DevOps,SDVI,No office location,https://stackoverflow.com/jobs/451626
(senior) Software Engineer C#,Topic Embedded Systems B.V.,"Best, Netherlands",https://stackoverflow.com/jobs/555741
Vacancy: Software Designer,Topic Embedded Systems B.V.,"Best, Netherlands",https://stackoverflow.com/jobs/562656
Software Engineer - Infrastructure,Chorus One,No office location,https://stackoverflow.com/jobs/552285
Field Software Engineer - EMEA,Canonical,No office location,https://stackoverflow.com/jobs/501791
QA Tester,Self Decode,No office location,https://stackoverflow.com/jobs/561041
Senior React Developer | Contractor | Remote,Copado Strategic Services,No office location,https://stackoverflow.com/jobs/545086
Senior Software Engineer,Intel Corporation,"Bengaluru, India",https://stackoverflow.com/jobs/539300
VP of Engineering,TradeBlock,"New York, NY",https://stackoverflow.com/jobs/559195
Data Engineer 80-100% (f/m/d),Alpiq,"Olten, Switzerland",https://stackoverflow.com/jobs/545476
Senior Front End Engineer,Citizen,No office location,https://stackoverflow.com/jobs/561575
(Senior) Frontend Engineer (m/w/d) - Trufa,Deloitte Deutschland,"Düsseldorf, Deutschland",https://stackoverflow.com/jobs/533749
(Junior) Consultant (m/w/d) - IT Implementierungsspezialist / Global Employer Se,Deloitte Deutschland,"Düsseldorf, Deutschland",https://stackoverflow.com/jobs/556992
Senior Software Engineer for growing VC-backed UK startup (based in UK/Europe),Snowplow Analytics,No office location,https://stackoverflow.com/jobs/536083
Backend Engineer (m/f/d),Relayr,"Katowice, Poland",https://stackoverflow.com/jobs/551592
Cloud Software Engineer,Intel Corporation,"Guadalajara, Mexico",https://stackoverflow.com/jobs/536886
Software Test Automation Specialist (m/w/x),ZEISS Group,"München, Deutschland",https://stackoverflow.com/jobs/541069
Senior Software Engineer,Administrate,No office location,https://stackoverflow.com/jobs/522941
Site Reliability Engineer- ArcGIS Online,Esri,"Redlands, CA",https://stackoverflow.com/jobs/552702
Staff Software Engineer,Bloomreach,No office location,https://stackoverflow.com/jobs/544544
Site Reliability Engineer (Applied Machine Learning),ByteDance,Singapore,https://stackoverflow.com/jobs/553811
Senior Kafka Messaging Software Engineer,Genesys,No office location,https://stackoverflow.com/jobs/547923
Software Engineer (App team) - Exponea,Bloomreach,No office location,https://stackoverflow.com/jobs/525008
Full Stack Developer,BOTS by RevenYOU,"Haarlem, Netherlands",https://stackoverflow.com/jobs/533368
Software Engineer II,"Comscore, Inc.","Portland, OR",https://stackoverflow.com/jobs/556548
Senior Software Development Engineer in Test (SDET),Creative Assembly,"Horsham, UK",https://stackoverflow.com/jobs/513451
Senior Backend Engineer,Pollen,"London, UK",https://stackoverflow.com/jobs/522622
Site Reliability Engineer,Altmetric,"London, UK",https://stackoverflow.com/jobs/562550
Software Engineer (HVM),Intel Corporation,"Kulim, Malaysia",https://stackoverflow.com/jobs/538188
Software Engineer - Silicon Product Design,Intel Corporation,"Hillsboro, OR",https://stackoverflow.com/jobs/530198
Data Analytics Engineer,Huxley Banking & Financial ServicesviaHuxley (US),"Boston, MA",https://stackoverflow.com/jobs/524158
Analytics Engineer,Slido,"Bratislava, Slovakia",https://stackoverflow.com/jobs/555451
Senior Site Reliability Engineer (SRE),Assurance,"Fort Lauderdale, FL",https://stackoverflow.com/jobs/565728
Android-Entwickler (m/w/d) Infotainment,e.solutions GmbH,"Erlangen, Deutschland",https://stackoverflow.com/jobs/561275
Senior Data Engineer,StyleSeat,No office location,https://stackoverflow.com/jobs/525037
"Software Engineering, Analyst",MUFG,"Charlotte, NC",https://stackoverflow.com/jobs/559440
(Senior) Data Scientist (m/w/d),AIMviaComputer Futures Solutions GmbH,"Hanover, Germany",https://stackoverflow.com/jobs/530933
Senior Software Engineer - Linux Engineering,Canonical,No office location,https://stackoverflow.com/jobs/540018
"Sr Design Engineer - Contract - Up to $45/Hour - Cincinnati, OH",Real StaffingviaReal Staffing US,"Cincinnati, OH",https://stackoverflow.com/jobs/526235
Applications Developer,ASRC Federal,"Moorestown, NJ",https://stackoverflow.com/jobs/500819
Senior Software Engineer - Launchpad,Canonical,No office location,https://stackoverflow.com/jobs/530389
Business Analytics Data Engineer,Viva Wallet,"Marousi, Greece",https://stackoverflow.com/jobs/523118
Site Reliability Engineer (m/w/d),Sthree GmbH VIA Computer Futures Solutions GmbHviaComputer Futures Solutions GmbH,"Berlin, Deutschland",https://stackoverflow.com/jobs/525263
Data Scientist (m/w/d) mit Schwerpunkt mathematische Modellierung,NETZSCH Process Intelligence GmbH,"Selb, Deutschland",https://stackoverflow.com/jobs/565605
Mobile APP Developers - Leading Electronics Company,Pyronix,"Doncaster, UK",https://stackoverflow.com/jobs/524940
"Senior Software Engineer, Embedded Systems (m/f/d)",tado GmbH,"München, Deutschland",https://stackoverflow.com/jobs/560708
Software Engineer,Marbis GmbHviaComputer Futures Solutions GmbH,"Karlsruhe, Deutschland",https://stackoverflow.com/jobs/525397
Senior Data Engineer E-Commerce (m/w/d),Peek & Cloppenburg,"Düsseldorf, Germany",https://stackoverflow.com/jobs/565672
Cloud Automation Engineer (m/w/d),Mimacom,"Stuttgart, Deutschland",https://stackoverflow.com/jobs/551994
Field Software Engineer - EMEA,Canonical,No office location,https://stackoverflow.com/jobs/501791
Jr. Software Engineer,FieldRoutes,No office location,https://stackoverflow.com/jobs/560734
Senior Performance Engineer,Jelli,"Boise, ID",https://stackoverflow.com/jobs/525855
(Senior) Data Scientist (m/w/d),AIMviaComputer Futures Solutions GmbH,"Hanover, Germany",https://stackoverflow.com/jobs/530933
Senior ML Engineer,Amaris.AI,Singapore,https://stackoverflow.com/jobs/533811
Data Engineer,AudioValley,"Anderlecht, Belgium",https://stackoverflow.com/jobs/559308
Applications Developer,ASRC Federal,"Moorestown, NJ",https://stackoverflow.com/jobs/500819
Senior DevOps Engineer,Tradeshift,"Bucharest, Romania",https://stackoverflow.com/jobs/526929
Infrastructure Engineer / Cloud Engineer (m/f/d),Omnevo GmbH,"Wiesbaden, Deutschland",https://stackoverflow.com/jobs/559761
Data Engineer,Rakuten,"Setagaya City, Japan",https://stackoverflow.com/jobs/531038
"Senior Data Engineer, Education",Chan Zuckerberg Initiative,"Redwood City, CA",https://stackoverflow.com/jobs/565328
Senior Analytics Engineer,VIOOH,"London, UK",https://stackoverflow.com/jobs/562405
"Senior Java Engineer - Consult with great companies, technologies and solutions",Pinnacle Solutions Group,"Nashville, TN",https://stackoverflow.com/jobs/196742
"Senior Software Engineer, Embedded Systems (m/f/d)",tado GmbH,"München, Deutschland",https://stackoverflow.com/jobs/560708
Software Engineer,Marbis GmbHviaComputer Futures Solutions GmbH,"Karlsruhe, Deutschland",https://stackoverflow.com/jobs/525397
Software Systems Engineer (80%-100%),Open Systems AG,"Zürich, Switzerland",https://stackoverflow.com/jobs/550751
Full Stack Developer (m/w/d),CAS AG,"Hamburg, Deutschland",https://stackoverflow.com/jobs/524589
DevOps Engineer (m/w/d),solute GmbH,"Karlsruhe, Deutschland",https://stackoverflow.com/jobs/556140
Software-Entwickler (m/w/d),innoventis GmbH,"Würzburg, Deutschland",https://stackoverflow.com/jobs/561812
Devops Engineer - Infrastructure Engineering,ByteDance,Singapore,https://stackoverflow.com/jobs/553812
"Site Reliability Engineer, Video Infrastructure",ByteDance,Singapore,https://stackoverflow.com/jobs/547753
Senior .Net Engineer,Pinnacle Solutions Group,"Charlotte, NC",https://stackoverflow.com/jobs/546564
Senior Software Engineer (Java) – Analytics & Data Infrastructure Team,Mimecast,"London, UK",https://stackoverflow.com/jobs/558740
"Software Engineer (Product Infrastructure), TikTok e-Commerce",ByteDance,Singapore,https://stackoverflow.com/jobs/533135
Roku Developer (MAZ Systems),Zype,No office location,https://stackoverflow.com/jobs/552550
Senior Software Engineer,Administrate,"Edinburgh, UK",https://stackoverflow.com/jobs/522939
DevOps Engineer,Picnic,"Amsterdam, Netherlands",https://stackoverflow.com/jobs/166839
Data Center Engineer (Greater Boston Area),Canonical,"Boston, MA",https://stackoverflow.com/jobs/556753
"Software Engineer, Security (Remote)",Hotjar,No office location,https://stackoverflow.com/jobs/544779
Senior Data Engineer E-Commerce (m/w/d),Peek & Cloppenburg,"Düsseldorf, Germany",https://stackoverflow.com/jobs/565672
Senior Software Engineer - Material Analysis Team (C++) (m/w/d),Volume Graphics GmbH,"Heidelberg, Deutschland",https://stackoverflow.com/jobs/163095
Cloud Native Senior Software Engineer,Intel Corporation,"Dublin, Ireland",https://stackoverflow.com/jobs/548771
Lead Data Engineer (m/f/x),Scalable Capital GmbH,"München, Deutschland",https://stackoverflow.com/jobs/536037
Ethernet Technologies RDMA Software Applications Engineer,Intel Corporation,"Austin, TX",https://stackoverflow.com/jobs/530201
Build Engineer,Flow Traders,"Amsterdam, Netherlands",https://stackoverflow.com/jobs/117221
"Cloud Operations Engineer, EMEA",Canonical,No office location,https://stackoverflow.com/jobs/522546
"Tech Lead, Machine Learning Evaluation",McD Tech Labs,"Mountain View, CA",https://stackoverflow.com/jobs/523812
Senior Performance Engineer,Jelli,"Boise, ID",https://stackoverflow.com/jobs/525855
Backend Engineer (m/f/d),Relayr,"Katowice, Poland",https://stackoverflow.com/jobs/551592
Site Reliability Engineer,The Warehouse Limited,"Auckland, New Zealand",https://stackoverflow.com/jobs/538161
"Senior Software Engineer, Infrastructure, Education",Chan Zuckerberg Initiative,"Redwood City, CA",https://stackoverflow.com/jobs/537683
Senior Software Engineer,Administrate,No office location,https://stackoverflow.com/jobs/522941
Ethernet Technologies Software Applications Engineer - DPDK,Intel Corporation,"Hillsboro, OR",https://stackoverflow.com/jobs/530199
"Go Software Engineer, Commercial Systems",Canonical,No office location,https://stackoverflow.com/jobs/561428
"Senior Java Engineer - Consult with great companies, technologies and solutions",Pinnacle Solutions Group,"Nashville, TN",https://stackoverflow.com/jobs/196742
Software Development Engineer in Test,"ESO Solutions, Inc.","Belfast, UK",https://stackoverflow.com/jobs/528503
Cloud Platform Engineer (d/m/w) Data & Analytics,DEVK Versicherungen,"Köln, Deutschland",https://stackoverflow.com/jobs/526685
Staff Software Engineer,Bloomreach,No office location,https://stackoverflow.com/jobs/544544
Sr. Test Engineer,Rain Bird Corporation,"Tucson, AZ",https://stackoverflow.com/jobs/555341
Back end developer per operations center,Giocaonline s.r.l.,"Milan, Italy",https://stackoverflow.com/jobs/529295
Data Engineer,Everli,No office location,https://stackoverflow.com/jobs/508326
Staff Software Engineer,Bloomreach,No office location,https://stackoverflow.com/jobs/544544
Ethernet Technologies Software Applications Engineer - DPDK,Intel Corporation,"Hillsboro, OR",https://stackoverflow.com/jobs/530199
"Senior Java Engineer - Consult with great companies, technologies and solutions",Pinnacle Solutions Group,"Nashville, TN",https://stackoverflow.com/jobs/196742
Software Development Engineer in Test,"ESO Solutions, Inc.","Belfast, UK",https://stackoverflow.com/jobs/528503
Cloud Platform Engineer (d/m/w) Data & Analytics,DEVK Versicherungen,"Köln, Deutschland",https://stackoverflow.com/jobs/526685
Sr. Test Engineer,Rain Bird Corporation,"Tucson, AZ",https://stackoverflow.com/jobs/555341
Back end developer per operations center,Giocaonline s.r.l.,"Milan, Italy",https://stackoverflow.com/jobs/529295
Data Engineer,Everli,No office location,https://stackoverflow.com/jobs/508326
Senior ML Engineer,Amaris.AI,Singapore,https://stackoverflow.com/jobs/533811
DevOps Engineer @ Nozomi Networks,Nozomi Networks,"Mendrisio, Switzerland",https://stackoverflow.com/jobs/555314
Senior Software Engineer for growing VC-backed UK startup (based in UK/Europe),Snowplow Analytics,No office location,https://stackoverflow.com/jobs/536083
DevOps Engineer,SignalWire,No office location,https://stackoverflow.com/jobs/561307
Roku Developer (MAZ Systems),Zype,No office location,https://stackoverflow.com/jobs/552550
Machine Learning Engineer,Relay42,"Amsterdam, Netherlands",https://stackoverflow.com/jobs/469169
Linux Networking specialist (m/f/x) - remote or on-site,Hetzner Cloud GmbH,"Unterföhring, Deutschland",https://stackoverflow.com/jobs/224179
Graphics Software Engineer,Intel Corporation,"Shanghai, China",https://stackoverflow.com/jobs/543846
Infrastructure Engineer / Cloud Engineer (m/f/d),Omnevo GmbH,"Wiesbaden, Deutschland",https://stackoverflow.com/jobs/559761
Data Engineer,Rakuten,"Setagaya City, Japan",https://stackoverflow.com/jobs/531038
Linux Developer Experience Lead,Canonical,No office location,https://stackoverflow.com/jobs/565542
Senior Analytics Engineer,VIOOH,"London, UK",https://stackoverflow.com/jobs/562405
Senior DevOps Engineer,Zenjob,"Berlin, Germany",https://stackoverflow.com/jobs/552356
Data Analytics Engineer,Huxley Banking & Financial ServicesviaHuxley (US),"Boston, MA",https://stackoverflow.com/jobs/524158
Senior DevOps Engineer,Supermetrics Oy,No office location,https://stackoverflow.com/jobs/565891
Senior DevOps Platform Engineer,Blinks Labs GmbH,"Berlin, Germany",https://stackoverflow.com/jobs/565687
Analytics Engineer,Slido,"Bratislava, Slovakia",https://stackoverflow.com/jobs/555451
DevOps Engineer,Picnic,"Amsterdam, Netherlands",https://stackoverflow.com/jobs/166839
Senior DevOps Engineer (Nordic or Germany),Nets Group,"Helsingfors, Finland",https://stackoverflow.com/jobs/565836
Cloud Native Senior Software Engineer,Intel Corporation,"Dublin, Ireland",https://stackoverflow.com/jobs/548771
Lead Data & Integration Engineer (HProduce) (f/m/d),HeidelbergCement AG,"Heidelberg, Deutschland",https://stackoverflow.com/jobs/537895
Lead Data Engineer (m/f/x),Scalable Capital GmbH,"München, Deutschland",https://stackoverflow.com/jobs/536037
Senior Data Engineer (m/w/d),Deutsche Bank AG,"Frankfurt am Main, Germany",https://stackoverflow.com/jobs/534942
Ethernet Technologies RDMA Software Applications Engineer,Intel Corporation,"Austin, TX",https://stackoverflow.com/jobs/530201
Systems Engineer,LMAX Group,"London, UK",https://stackoverflow.com/jobs/535022
"Tech Lead, Machine Learning Evaluation",McD Tech Labs,"Mountain View, CA",https://stackoverflow.com/jobs/523812
"Cloud Operations Engineer, EMEA",Canonical,No office location,https://stackoverflow.com/jobs/522546
Site Reliability Engineer,The Warehouse Limited,"Auckland, New Zealand",https://stackoverflow.com/jobs/538161
Backend Engineer (m/f/d),Relayr,"Katowice, Poland",https://stackoverflow.com/jobs/551592
Senior Software Engineer,Administrate,No office location,https://stackoverflow.com/jobs/522941
Ethernet Technologies Software Applications Engineer - DPDK,Intel Corporation,"Hillsboro, OR",https://stackoverflow.com/jobs/530199
"Go Software Engineer, Commercial Systems",Canonical,No office location,https://stackoverflow.com/jobs/561428
Senior Performance Engineer,Jelli,"San Mateo, CA",https://stackoverflow.com/jobs/514644
Software Engineer,Intel Corporation,"Shanghai, China",https://stackoverflow.com/jobs/540589
Senior Cloud Security Engineer,MUFG,"Charlotte, NC",https://stackoverflow.com/jobs/559434
Software Development Engineer in Test,"ESO Solutions, Inc.","Belfast, UK",https://stackoverflow.com/jobs/528503
Cloud Platform Engineer (d/m/w) Data & Analytics,DEVK Versicherungen,"Köln, Deutschland",https://stackoverflow.com/jobs/526685
Staff Software Engineer,Bloomreach,No office location,https://stackoverflow.com/jobs/544544
IT Security Engineer for Linux based embedded Platforms (f/m/x),BMW Group,"Ulm, Deutschland",https://stackoverflow.com/jobs/498107
Sr. Test Engineer,Rain Bird Corporation,"Tucson, AZ",https://stackoverflow.com/jobs/555341
Back end developer per operations center,Giocaonline s.r.l.,"Milan, Italy",https://stackoverflow.com/jobs/529295
Senior Data Engineer,Revance,"Pleasanton, CA",https://stackoverflow.com/jobs/525879
Quality Manager Infotainment Systems (f/m/x),BMW Group,"Ulm, Deutschland",https://stackoverflow.com/jobs/556421
Senior Developer,American Logistics,No office location,https://stackoverflow.com/jobs/522889
"Senior Java Engineer - Consult with great companies, technologies and solutions",Pinnacle Solutions Group,"Charlotte, NC",https://stackoverflow.com/jobs/197952
"Experienced DevOps Consultant, GitLab/GitHub",Eficode Finland,"Helsinki, Finland",https://stackoverflow.com/jobs/559636
Manager - Data Reliability Engineer,McDonald's Corporation,"Chicago, IL",https://stackoverflow.com/jobs/556557
Senior Data Engineer E-Commerce (m/w/d),Peek & Cloppenburg,"Düsseldorf, Germany",https://stackoverflow.com/jobs/565672
Senior DevOps Engineer (Nordic or Germany),Nets Group,"Helsingfors, Finland",https://stackoverflow.com/jobs/565836
Edge AI Deep Learning Validation Engineer,Intel Corporation,"Bengaluru, India",https://stackoverflow.com/jobs/539297
Lead Data & Integration Engineer (HProduce) (f/m/d),HeidelbergCement AG,"Heidelberg, Deutschland",https://stackoverflow.com/jobs/537895
Senior Data Engineer (m/w/d),Deutsche Bank AG,"Frankfurt am Main, Germany",https://stackoverflow.com/jobs/534942
Systems Engineer,LMAX Group,"London, UK",https://stackoverflow.com/jobs/535022
"Cloud Operations Engineer, EMEA",Canonical,No office location,https://stackoverflow.com/jobs/522546
"Machine Learning Engineer AI, Advanced Analytics & Data",H & M Hennes & Mauritz GBC AB,"Stockholm, Sweden",https://stackoverflow.com/jobs/527524
Senior Microsoft Azure Cloud Engineer,MITRE,"McLean, VA",https://stackoverflow.com/jobs/514492
Ethernet Manageability Applications Engineer,Intel Corporation,"Austin, TX",https://stackoverflow.com/jobs/530200
Senior Cloud Software Engineer,Intel Corporation,"Shanghai, China",https://stackoverflow.com/jobs/540182
Graduate Program – Information Technology (IT),Flossbach von Storch AG,"Köln, Deutschland",https://stackoverflow.com/jobs/560840
Site Reliability Engineer,The Warehouse Limited,"Auckland, New Zealand",https://stackoverflow.com/jobs/538161
Senior iOS engineer - ux + video,SmileDirectClub,No office location,https://stackoverflow.com/jobs/546573
"Go Software Engineer, Commercial Systems",Canonical,No office location,https://stackoverflow.com/jobs/561428
Deep Learning System Frameworks Engineer,Intel Corporation,"Shanghai, China",https://stackoverflow.com/jobs/543845
Senior Performance Engineer,Jelli,"San Mateo, CA",https://stackoverflow.com/jobs/514644
"Senior Data Engineer - Consult with great companies, technologies and solutions",Pinnacle Solutions Group,"Nashville, TN",https://stackoverflow.com/jobs/515696
Software Engineer,Intel Corporation,"Shanghai, China",https://stackoverflow.com/jobs/540589
DevOps Engineer,Picnic,"Amsterdam, Netherlands",https://stackoverflow.com/jobs/166839
Deployment Engineer / Solutions Architect,Enveil,"Fulton, MD",https://stackoverflow.com/jobs/319752
Qt C++ SDK Software Development Engineer,Esri,"Redlands, CA",https://stackoverflow.com/jobs/561049
Devops Engineer - Infrastructure Engineering,ByteDance,Singapore,https://stackoverflow.com/jobs/553812
Open source stack software engineering lead,Canonical,No office location,https://stackoverflow.com/jobs/564537
Senior IoT Systems Engineer,Canonical,No office location,https://stackoverflow.com/jobs/512740
(Junior) Robotic Process Automation Developer (m/w/d) zur Entwicklung und Einsat,Hannover Rück SE,"Hannover, Deutschland",https://stackoverflow.com/jobs/562404
Embedded Linux System Engineer (m/w/d),emlix GmbH,"Berlin, Deutschland",https://stackoverflow.com/jobs/508330
Lead Infrastructure Engineer,Huxley Banking & Financial ServicesviaHuxley (US),"New York, NY",https://stackoverflow.com/jobs/525771
SRE Lead,Electrolux,"Stockholm, Sweden",https://stackoverflow.com/jobs/559156
"VP, Senior Network Engineer",Huxley Banking & Financial ServicesviaHuxley (US),"New York, NY",https://stackoverflow.com/jobs/522786
Senior iOS Developer,Fretello GmbH,No office location,https://stackoverflow.com/jobs/554366
DevOps Engineer,Flyr Inc,No office location,https://stackoverflow.com/jobs/522896
"Data Architect, Data Platform",Flyr Inc,"Los Angeles, CA",https://stackoverflow.com/jobs/529117
"Site Reliability Engineer, Kubernetes",camunda,No office location,https://stackoverflow.com/jobs/550386
Data Scientist (d/m/w),DEVK Versicherungen,"Köln, Deutschland",https://stackoverflow.com/jobs/533653
Senior Fullstack Engineer,AMBOSS,"Berlin, Germany",https://stackoverflow.com/jobs/557771
Leitende Softwareentwicklerin oder leitender Softwareentwickler (w/m/d),Deutsches Zentrum für Luft- und Raumfahrt e. V. (DLR),"Weßling, Deutschland",https://stackoverflow.com/jobs/560835
(DevOps) Software Engineer (m/w/d),Marbis GmbHviaComputer Futures Solutions GmbH,No office location,https://stackoverflow.com/jobs/525398
"Software Engineer, Security (Remote)",Hotjar,No office location,https://stackoverflow.com/jobs/544779
Senior Software Engineer - Marketplace,Assurance,No office location,https://stackoverflow.com/jobs/565726
Systems Engineer Linux/Site Reliability Engineer (m/w/d),JobRad GmbH,"Freiburg im Breisgau, Deutschland",https://stackoverflow.com/jobs/563122
Senior Android Engineer,Livefront,"Minneapolis, MN",https://stackoverflow.com/jobs/521510
Experienced Data Engineer,Accenture Romania,"Bucharest, Romania",https://stackoverflow.com/jobs/525561
"VP, Software Engineering",Canonical,No office location,https://stackoverflow.com/jobs/553806
DevOps / SRE Engineer (f/m/d),HeidelbergCement AG,"Heidelberg, Deutschland",https://stackoverflow.com/jobs/555115
Sr. Site Reliability Engineer (Infrastructure) - Cisco Meraki,Source Coders IncviaSource Coders,"San Francisco, CA",https://stackoverflow.com/jobs/565906
Senior Build & CI Engineer (f/m/x),BMW Group,"München, Deutschland",https://stackoverflow.com/jobs/557339
Sr. Signal Integrity Engineer,Intel Corporation,"Shanghai, China",https://stackoverflow.com/jobs/543848
Senior DevOps Engineer,Supermetrics Oy,No office location,https://stackoverflow.com/jobs/559002
Senior DevOps Engineer (f/m/x),PPRO,"München, Germany",https://stackoverflow.com/jobs/565334
"Lead Engineer – SRE, Automation",LMAX Group,"London, UK",https://stackoverflow.com/jobs/544001
SecOps Engineer,SignalWire,No office location,https://stackoverflow.com/jobs/561306
IT System Administrator / DevOps (f/m/x),ImFusion GmbH,"München, Deutschland",https://stackoverflow.com/jobs/562665
DevOps Engineer - Routing Services,Esri,"Redlands, CA",https://stackoverflow.com/jobs/561050
Product Manager (m/f/d),eBay,"Kleinmachnow, Germany",https://stackoverflow.com/jobs/561810
Data Analytics Strategist – HConnect (f/m/d),HeidelbergCement AG,"Heidelberg, Deutschland",https://stackoverflow.com/jobs/546689
Senior Software Engineer - Test,BenchSci,"Toronto, ON, Canada",https://stackoverflow.com/jobs/520676
DevSecOps Consultant,Ensign InfoSecurity (Cybersecurity) Pte Ltd,Singapore,https://stackoverflow.com/jobs/534274
DevOps Cloud Engineer (Kubernetes) - Remote,IG Group,No office location,https://stackoverflow.com/jobs/532885
Senior QA Engineer (m/f/d),Relayr,"Berlin, Germany",https://stackoverflow.com/jobs/561711
"Tech Lead Engineering Manager, Business Integrity",ByteDance,Singapore,https://stackoverflow.com/jobs/553100
Systems Engineer,LMAX Group,"London, UK",https://stackoverflow.com/jobs/535022
Software Engineer (Network Software),SpaceX,"Hawthorne, CA",https://stackoverflow.com/jobs/562442
DevOps Lead,Which?,"London, UK",https://stackoverflow.com/jobs/556891
Senior DevOps Engineer (f/m/d),Mimi Hearing Technologies GmbH,"Berlin, Germany",https://stackoverflow.com/jobs/565820
"Senior Java Engineer - Consult with great companies, technologies and solutions",Pinnacle Solutions Group,"Charlotte, NC",https://stackoverflow.com/jobs/197952
Senior DevOps Engineer (Nordic or Germany),Nets Group,"Helsingfors, Finland",https://stackoverflow.com/jobs/565836
"Cloud Operations Engineer, Americas",Canonical,No office location,https://stackoverflow.com/jobs/522545
Senior Information Security Analyst- 1 year Contract - Remote,Tucows,No office location,https://stackoverflow.com/jobs/522324
"Engineer, Android",Citizen,No office location,https://stackoverflow.com/jobs/499672
Deployment Engineer / Solutions Architect,Enveil,"Fulton, MD",https://stackoverflow.com/jobs/319752
Senior IoT Systems Engineer,Canonical,No office location,https://stackoverflow.com/jobs/512740
Embedded Linux System Engineer (m/w/d),emlix GmbH,"Berlin, Deutschland",https://stackoverflow.com/jobs/508330
IT-Administratorin oder IT-Administrator (w/m/d),DLR - Deutsches Zentrum für Luft- und Raumfahrt,"Braunschweig, Deutschland",https://stackoverflow.com/jobs/561023
Leitende Softwareentwicklerin oder leitender Softwareentwickler (w/m/d),Deutsches Zentrum für Luft- und Raumfahrt e. V. (DLR),"Weßling, Deutschland",https://stackoverflow.com/jobs/560835
SRE Lead,Electrolux,"Stockholm, Sweden",https://stackoverflow.com/jobs/559156
"Site Reliability Engineer, Kubernetes",camunda,No office location,https://stackoverflow.com/jobs/550386
Embedded Linux Engineer,Canonical,No office location,https://stackoverflow.com/jobs/551201
"VP, Senior Network Engineer",Huxley Banking & Financial ServicesviaHuxley (US),"New York, NY",https://stackoverflow.com/jobs/522786
"Data Architect, Data Platform",Flyr Inc,"Los Angeles, CA",https://stackoverflow.com/jobs/529117
Ecosystems Software Engineer,Intel Corporation,"George Town, Malaysia",https://stackoverflow.com/jobs/552553
Data Scientist (d/m/w),DEVK Versicherungen,"Köln, Deutschland",https://stackoverflow.com/jobs/533653
Sr. DevOps Engineer,SpaceX,"Hawthorne, CA",https://stackoverflow.com/jobs/562440
"Cloud Operations Engineer, APAC",Canonical,No office location,https://stackoverflow.com/jobs/526213
Sr. Application Security Engineer,MUFG,"New York, NY",https://stackoverflow.com/jobs/559422
Site Reliability Engineer (SRE),VIOOH,"London, UK",https://stackoverflow.com/jobs/553123
"Software Engineer, Security (Remote)",Hotjar,No office location,https://stackoverflow.com/jobs/544779
Systems Engineer Linux/Site Reliability Engineer (m/w/d),JobRad GmbH,"Freiburg im Breisgau, Deutschland",https://stackoverflow.com/jobs/563122
Frontend Developer,Octopus Energy,"London, UK",https://stackoverflow.com/jobs/533659
Technical Specialist - System Services,Derivco.,"Umhlanga, South Africa",https://stackoverflow.com/jobs/528648
"VP, Software Engineering",Canonical,No office location,https://stackoverflow.com/jobs/553806
DevOps / SRE Engineer (f/m/d),HeidelbergCement AG,"Heidelberg, Deutschland",https://stackoverflow.com/jobs/555115
Solution Engineer (m/w/d) - Cloud AWS,Deloitte Deutschland,"Düsseldorf, Deutschland",https://stackoverflow.com/jobs/533754
Sr. Software Engineer (Full stack Java),MUFG,"Charlotte, NC",https://stackoverflow.com/jobs/559425
Data Science - Engineering Manager,Belvo Technologies,No office location,https://stackoverflow.com/jobs/559029
Machine Learning Engineer,Research Square,No office location,https://stackoverflow.com/jobs/545531
Senior Security Analyst (d/m/w) Schwerpunkt IDS und Bedrohungsanalyse,DEVK Versicherungen,"Köln, Deutschland",https://stackoverflow.com/jobs/524954
Principal Engineer - Omni-Channel Communications,Assurance,No office location,https://stackoverflow.com/jobs/565725
Ecosystems Software Engineer,Intel Corporation,"George Town, Malaysia",https://stackoverflow.com/jobs/552553
Artificial Intelligence / Autonomy Engineer,MITRE,"McLean, VA",https://stackoverflow.com/jobs/523955
Data Engineer,Common Code,"Melbourne, Australia",https://stackoverflow.com/jobs/554797
"Cloud Engineer (Azure, Google Cloud Platform, AWS)",ti&m AG,"Zürich, Schweiz",https://stackoverflow.com/jobs/522303
Sr. DevOps Engineer,SpaceX,"Hawthorne, CA",https://stackoverflow.com/jobs/562440
iOS Engineer,NOCD,"Chicago, IL",https://stackoverflow.com/jobs/512343
Sr. Application Security Engineer,MUFG,"New York, NY",https://stackoverflow.com/jobs/559422
"Senior Software Engineers - AI, Analytics & Data",H & M Hennes & Mauritz GBC AB,"Stockholm, Sweden",https://stackoverflow.com/jobs/524983
Edge AI Deep Learning Validation Engineer,Intel Corporation,"Bengaluru, India",https://stackoverflow.com/jobs/539297
IT-Administratorin oder IT-Administrator (w/m/d),DLR - Deutsches Zentrum für Luft- und Raumfahrt,"Braunschweig, Deutschland",https://stackoverflow.com/jobs/561023
Senior DevSecOps Engineer - Remote,MUFG,No office location,https://stackoverflow.com/jobs/559427
Senior Design Engineer,Real StaffingviaReal Staffing US,"Cincinnati, OH",https://stackoverflow.com/jobs/522494
"SAN Administrator, Data Platform Group",Rakuten,"Tokyo, Japan",https://stackoverflow.com/jobs/526337
Senior Fullstack Engineer,Revieve Oy,No office location,https://stackoverflow.com/jobs/560693
Linux Kernel Engineer,Canonical,"Taipei, Taiwan",https://stackoverflow.com/jobs/454598
Site Reliability Engineer,HomeStars,No office location,https://stackoverflow.com/jobs/560072
Ethernet Manageability Applications Engineer,Intel Corporation,"Austin, TX",https://stackoverflow.com/jobs/530200
Solution Engineer (m/w/d) - Cloud AWS,Deloitte Deutschland,"Düsseldorf, Deutschland",https://stackoverflow.com/jobs/533754
Senior DevOps Platform Delivery Engineer,MITRE,"McLean, VA",https://stackoverflow.com/jobs/528317
"Sr. Software Engineer, Machine Learning Infrastructure",Chan Zuckerberg Initiative,"Redwood City, CA",https://stackoverflow.com/jobs/565330
Manager - Data Reliability Engineer,McDonald's Corporation,"Chicago, IL",https://stackoverflow.com/jobs/556557
Site Reliability Engineer (SRE),VIOOH,"London, UK",https://stackoverflow.com/jobs/553123
Data Science - Engineering Manager,Belvo Technologies,No office location,https://stackoverflow.com/jobs/559029
SecOps Engineer,SignalWire,No office location,https://stackoverflow.com/jobs/561306
"SAN Administrator, Data Platform Group",Rakuten,"Tokyo, Japan",https://stackoverflow.com/jobs/526337
DevOps Engineer - Routing Services,Esri,"Redlands, CA",https://stackoverflow.com/jobs/561050
Site Reliability Engineer,HomeStars,No office location,https://stackoverflow.com/jobs/560072
Solution Engineer (m/w/d) - Cloud AWS,Deloitte Deutschland,"Düsseldorf, Deutschland",https://stackoverflow.com/jobs/533754
Manager - Data Reliability Engineer,McDonald's Corporation,"Chicago, IL",https://stackoverflow.com/jobs/556557
Site Reliability Engineer (SRE),VIOOH,"London, UK",https://stackoverflow.com/jobs/553123
"Tech Lead Engineering Manager, Business Integrity",ByteDance,Singapore,https://stackoverflow.com/jobs/553100
Data Engineer,Samotics,"Leiden, Netherlands",https://stackoverflow.com/jobs/518209
Operations Engineer (Remote),We Got POP Ltd,No office location,https://stackoverflow.com/jobs/556553
Senior Fullstack Engineer,Revieve Oy,No office location,https://stackoverflow.com/jobs/560693
Frontend Developer,Octopus Energy,"London, UK",https://stackoverflow.com/jobs/533659
"Cloud Operations Engineer, APAC",Canonical,No office location,https://stackoverflow.com/jobs/526213
Lead Data & Integration Engineer (HProduce) (f/m/d),HeidelbergCement AG,"Heidelberg, Deutschland",https://stackoverflow.com/jobs/537895
Senior Data Engineer (m/w/d),Deutsche Bank AG,"Frankfurt am Main, Germany",https://stackoverflow.com/jobs/534942
"Engineer, iOS",Citizen,No office location,https://stackoverflow.com/jobs/561576
"Cloud Operations Engineer, Americas",Canonical,No office location,https://stackoverflow.com/jobs/522545
Senior Solution Engineer (m/w/d) - Cloud Azure Expert,Deloitte Deutschland,"Düsseldorf, Deutschland",https://stackoverflow.com/jobs/533755
Kubernetes Engineering Manager,Canonical,No office location,https://stackoverflow.com/jobs/551186
Security Engineer - (Application Security/DevSecOps) (f/m/d),Delivery Hero SE,"Berlin, Germany",https://stackoverflow.com/jobs/565815
AI Solutions Architect,Intel Corporation,"Bengaluru, India",https://stackoverflow.com/jobs/539246
Software Engineer,Intel Corporation,"Shanghai, China",https://stackoverflow.com/jobs/540589
Data Engineer,"Betterup, Inc.",No office location,https://stackoverflow.com/jobs/523557
Software Engineer,Intel Corporation,"Hillsboro, OR",https://stackoverflow.com/jobs/530570
Data Engineer (m/f/d),Personio,"München, Germany",https://stackoverflow.com/jobs/544775
Staff Engineer - Frontend,BenchSci,"Toronto, ON, Canada",https://stackoverflow.com/jobs/520677
"VP, Software Engineering",Canonical,No office location,https://stackoverflow.com/jobs/553806
DevOps / SRE Engineer (f/m/d),HeidelbergCement AG,"Heidelberg, Deutschland",https://stackoverflow.com/jobs/555115
Senior Data Analyst,komoot,No office location,https://stackoverflow.com/jobs/565787
Senior DevOps Engineer,The Orchard,"London, UK",https://stackoverflow.com/jobs/543315
Associate Field Software Engineer - EMEA,Canonical,No office location,https://stackoverflow.com/jobs/471550
Senior DevSecOps Engineer - REMOTE,MUFG,No office location,https://stackoverflow.com/jobs/559426
Senior Data Engineer,Supermetrics Oy,"Helsinki, Finland",https://stackoverflow.com/jobs/546539
"Cloud Engineer (Azure, Google Cloud Platform, AWS)",ti&m AG,"Bern, Schweiz",https://stackoverflow.com/jobs/522337
Senior SRE / DevOps Engineer (m/f/d),CARIAD,"Wolfsburg, Germany",https://stackoverflow.com/jobs/561427
Data Scientist (m/w/d),NETZSCH Process Intelligence GmbH,"Selb, Deutschland",https://stackoverflow.com/jobs/565602
"Sr. Software Engineer, Data Products/Engineering",STARZ,"Englewood, CO",https://stackoverflow.com/jobs/474776
Senior DevOps Engineer,AIR MILES,"Toronto, ON, Canada",https://stackoverflow.com/jobs/539243
Data Scientist – Network Analysis and Control,MITRE,"Bedford, MA",https://stackoverflow.com/jobs/515357
Field Software Engineer - APAC,Canonical,No office location,https://stackoverflow.com/jobs/512382
Security Engineer - APPSEC (f/m/x),PPRO,"München, Germany",https://stackoverflow.com/jobs/554399
"Director, Data Engineering","HomerLearning, Inc.",No office location,https://stackoverflow.com/jobs/565761
Network Software Engineer,Intel Corporation,"Bengaluru, India",https://stackoverflow.com/jobs/539257
Embedded Linux Engineer,Canonical,No office location,https://stackoverflow.com/jobs/541320
Embedded Linux Engineer,Canonical,No office location,https://stackoverflow.com/jobs/551201
Solution Engineer (m/w/d) - Cloud Azure,Deloitte Deutschland,"Düsseldorf, Deutschland",https://stackoverflow.com/jobs/533750
Cloud Data Architect mit Flair für AI,ti&m AG,"Bern, Schweiz",https://stackoverflow.com/jobs/522336
Database Administrator III,"Wikimedia Foundation, Inc.",No office location,https://stackoverflow.com/jobs/555173
Sr Security Engineer,"Comscore, Inc.","Reston, VA",https://stackoverflow.com/jobs/556547
Associate Field Software Engineer - EMEA,Canonical,No office location,https://stackoverflow.com/jobs/471550
Data Janitor,Leaf Logistics,No office location,https://stackoverflow.com/jobs/518794
Senior DevOps Engineer,DriveWealth Technologies LLC,No office location,https://stackoverflow.com/jobs/548619
Graphics SRIOV Virtualization Developer,Intel Corporation,"Bengaluru, India",https://stackoverflow.com/jobs/539293
Public Cloud Consultant,Canonical,No office location,https://stackoverflow.com/jobs/551198
Site Reliability Engineer,Jelli,"San Mateo, CA",https://stackoverflow.com/jobs/543740
Lead Azure Cloud Engineer,MITRE,"Bedford, MA",https://stackoverflow.com/jobs/515328
Senior Data Engineer,Supermetrics Oy,"Helsinki, Finland",https://stackoverflow.com/jobs/546539
Platform Engineer,SUSE,No office location,https://stackoverflow.com/jobs/555636
Senior IoT Systems Engineer,Canonical,No office location,https://stackoverflow.com/jobs/512740
Data Scientist – Network Analysis and Control,MITRE,"Bedford, MA",https://stackoverflow.com/jobs/515357
"Cloud Engineer (Azure, Google Cloud Platform, AWS)",ti&m AG,"Zürich, Schweiz",https://stackoverflow.com/jobs/522303
"Director, Data Engineering","HomerLearning, Inc.",No office location,https://stackoverflow.com/jobs/565761
Senior DevOps Engineer - Data Operations,"Sailpoint Technologies, Inc.",No office location,https://stackoverflow.com/jobs/557351
Site Reliability Engineering Manager,Canonical,No office location,https://stackoverflow.com/jobs/533163
Network Software Engineer,Intel Corporation,"Bengaluru, India",https://stackoverflow.com/jobs/539257
Embedded Linux Engineer,Canonical,No office location,https://stackoverflow.com/jobs/541320
Site Reliability Engineer,HomeStars,No office location,https://stackoverflow.com/jobs/560072
Solution Engineer (m/w/d) - Cloud Azure,Deloitte Deutschland,"Düsseldorf, Deutschland",https://stackoverflow.com/jobs/533750
Database Administrator III,"Wikimedia Foundation, Inc.",No office location,https://stackoverflow.com/jobs/555173
DevOps Engineer,ProQuest,"Ann Arbor, MI",https://stackoverflow.com/jobs/555435
Sr Security Engineer,"Comscore, Inc.","Reston, VA",https://stackoverflow.com/jobs/556547
Senior Software Engineer - Security Data Management,Anchore,No office location,https://stackoverflow.com/jobs/552360
Analytics Manager,eBay,"London, UK",https://stackoverflow.com/jobs/562306
Senior Security Engineer,BenchSci,"Toronto, ON, Canada",https://stackoverflow.com/jobs/520679
Staff Machine Leaning Engineer,Spotify,No office location,https://stackoverflow.com/jobs/546722
Senior Security Engineer,BenchSci,"Toronto, ON, Canada",https://stackoverflow.com/jobs/520679
Software Engineer,Intel Corporation,"Hillsboro, OR",https://stackoverflow.com/jobs/530205
Scala Engineer,Snowplow Analytics,No office location,https://stackoverflow.com/jobs/562416
"Software Engineering Manager, Seattle WA",MSCI,"Seattle, WA",https://stackoverflow.com/jobs/565855
Security Infrastructure Engineer,Bloomreach,No office location,https://stackoverflow.com/jobs/525009
"Sr. Software Engineer, Data Products/Engineering",STARZ,"Englewood, CO",https://stackoverflow.com/jobs/474776
Senior Data Engineer,Supermetrics Oy,"Helsinki, Finland",https://stackoverflow.com/jobs/546539
Data Scientist – Network Analysis and Control,MITRE,"Bedford, MA",https://stackoverflow.com/jobs/515357
Software Engineering Manager - Canonical Fast Track,Canonical,No office location,https://stackoverflow.com/jobs/561984
Gruppchef inom data science,Säkerhetspolisen,"Stockholm, Sweden",https://stackoverflow.com/jobs/558998
Senior Security Engineer - REMOTE,MUFG,No office location,https://stackoverflow.com/jobs/559444
"Cloud Engineer, AVP -Remote",MUFG,No office location,https://stackoverflow.com/jobs/559428
Senior Architect,Capital Group,"Irvine, CA",https://stackoverflow.com/jobs/558027
Embedded Linux Consulting Engineering Director,Canonical,No office location,https://stackoverflow.com/jobs/562923
Data Science Engineer / Architect (m/w/d),Generali AG,"Aachen, Deutschland",https://stackoverflow.com/jobs/559928
Senior Machine Learning Engineer - Freemium Mission,Spotify,No office location,https://stackoverflow.com/jobs/497040
Cloud Engineer,Olo,No office location,https://stackoverflow.com/jobs/516558
Product Manager – Business Intelligence (m/w/d),Basler AG,"Ahrensburg, Deutschland",https://stackoverflow.com/jobs/559649
Computer Scientist - Development Programs - Entry/ Mid-Level,National Security Agency,"Fort Meade, MD",https://stackoverflow.com/jobs/565896
Senior DevOps Engineer,Ascensus,No office location,https://stackoverflow.com/jobs/525432
"Site Reliability Engineer, Americas",Canonical,No office location,https://stackoverflow.com/jobs/454608
Associate IoT Systems Engineer,Canonical,No office location,https://stackoverflow.com/jobs/487604
Cyber Mitigations Analyst/System Vulnerability Analyst - Entry to Expert Level,National Security Agency,"Fort Meade, MD",https://stackoverflow.com/jobs/565898
Software Engineer,ComplyAdvantage,"London, UK",https://stackoverflow.com/jobs/527835
Full Stack Engineer (Application Engineer),Rakuten,"Setagaya City, Japan",https://stackoverflow.com/jobs/527726
Senior Software Engineer,ComplyAdvantage,"London, UK",https://stackoverflow.com/jobs/504650
Full-Stack Junior Software Engineer,Automation Consultants,"Reading, UK",https://stackoverflow.com/jobs/516045
Software Engineer,Reaktor,"Lisboa, Portugal",https://stackoverflow.com/jobs/553136
Software Engineers,Lightmatter,No office location,https://stackoverflow.com/jobs/565756
Senior Software Engineers,Lightmatter,No office location,https://stackoverflow.com/jobs/523002
Senior Software Engineer Backend,Drooms GmbH,"Frankfurt am Main, Deutschland",https://stackoverflow.com/jobs/530685
Head of Engineering (m/f/d),VEACT GmbH,"München, Deutschland",https://stackoverflow.com/jobs/538334
Senior Software Engineer – Container Ecosystem,SUSE,No office location,https://stackoverflow.com/jobs/554241
Senior Backend Developer (f/m/d),HOMELIKE INTERNET GmbH,"Köln, Deutschland",https://stackoverflow.com/jobs/522556
Senior Full Stack Engineer (Remote),Sector Labs,No office location,https://stackoverflow.com/jobs/517508
Junior Software Engineer im Firmenübergreifenden Trainee-Programm (100%),M&F Engineering AG,"Weiningen, Schweiz",https://stackoverflow.com/jobs/233263
Senior Full Stack Engineer,Sector Labs,"Cluj-Napoca, Romania",https://stackoverflow.com/jobs/517510
Senior Software Engineer (Go),HENNGE K.K.,"Tokyo, Japan",https://stackoverflow.com/jobs/555512
"Software Engineering Manager - Selection Domain, Core Order (w/m/d)",Delivery Hero SE,"Berlin, Germany",https://stackoverflow.com/jobs/562276
Senior Software Engineer,Slimmer AI,"Groningen, Netherlands",https://stackoverflow.com/jobs/561547
Platform Engineer,Octopus Energy,"Houston, TX",https://stackoverflow.com/jobs/531787
Sr. Software Engineer,SpaceX,"Hawthorne, CA",https://stackoverflow.com/jobs/562441
Senior DevOps Engineer (Cloud Solutions),Coda Payments,No office location,https://stackoverflow.com/jobs/565675
Senior Data Engineer - Remote,Didomi,"Paris, France",https://stackoverflow.com/jobs/557607
Software Engineer,Real StaffingviaReal Staffing US,"Irvine, CA",https://stackoverflow.com/jobs/525444
"Interview Engineer (Remote, United Kingdom)",Karat.com,No office location,https://stackoverflow.com/jobs/565630
Support Engineer,SDVI,No office location,https://stackoverflow.com/jobs/492303
Lead AI Engineer,Singapore Innovate Pte. Ltd,Singapore,https://stackoverflow.com/jobs/560743
"Interview Engineer (Remote, Mexico)",Karat.com,No office location,https://stackoverflow.com/jobs/565629
"Interview Engineer (Remote, Mexico)",Karat.com,No office location,https://stackoverflow.com/jobs/565629
"Interview Engineer (Remote, Australia)",Karat.com,No office location,https://stackoverflow.com/jobs/565625
DevOps Engineer (w/m/d) - bundesweit & Homeoffice,objective partner AG,"Weinheim, Deutschland",https://stackoverflow.com/jobs/550881
"Interview Engineer (Remote, Germany)",Karat.com,No office location,https://stackoverflow.com/jobs/565627
"Interview Engineer (Remote, South Africa)",Karat.com,No office location,https://stackoverflow.com/jobs/565624
Integration App Product Engineer,SyncSmart.io (by LyntonWeb.com),No office location,https://stackoverflow.com/jobs/519804
Senior SOC Engineer (Remote - Canada),Open Systems AG,"Vancouver, BC, Canada",https://stackoverflow.com/jobs/548058
Support Engineer,SDVI,No office location,https://stackoverflow.com/jobs/492303
Mitarbeiter*in (m/w/d) im IT-Kundensupport,LexCom Informationssysteme GmbH,"München, Deutschland",https://stackoverflow.com/jobs/560572
Lead AI Engineer,Singapore Innovate Pte. Ltd,Singapore,https://stackoverflow.com/jobs/560743
"Interview Engineer (Remote, Israel)",Karat.com,No office location,https://stackoverflow.com/jobs/565628
Research Scientist,"Edgestream Partners, L.P.","Princeton, NJ",https://stackoverflow.com/jobs/518607
UX Designer (m/w/d) 100%,Gardena GmbH,"Zürich, Switzerland",https://stackoverflow.com/jobs/531444
Engineering Technical Recruiter,QuantCo,"Berlin, Deutschland",https://stackoverflow.com/jobs/553016
"Manager, Data Science - Quick Commerce (f/m/d)",Delivery Hero SE,"Berlin, Germany",https://stackoverflow.com/jobs/560825
"Interview Engineer (Remote, Canada)",Karat.com,No office location,https://stackoverflow.com/jobs/565626
Senior SOC Engineer,Open Systems AG,"Zürich, Switzerland",https://stackoverflow.com/jobs/548049
Senior Security Engineer,Open Systems AG,"Noida, India",https://stackoverflow.com/jobs/548050
Scientific Applications Developer,DownUnder GeoSolutions Pty Ltd,"West Perth, Australia",https://stackoverflow.com/jobs/352726
FCAS2021: Information System Solution Architect (d/m/f) (Open),AIRBUS,"Ottobrunn, Germany",https://stackoverflow.com/jobs/552343
Deep Learning Engineer,SQUAD,"Kyiv, Ukraine",https://stackoverflow.com/jobs/518177
Principal Full Stack Engineer,Sector Labs,"Cluj-Napoca, Romania",https://stackoverflow.com/jobs/517511
Senior Data Engineer (US Only),"Pie Insurance Holdings, Inc.",No office location,https://stackoverflow.com/jobs/545526
"Engineering Manager, Data Infrastructure",HubSpot,"Cambridge, MA",https://stackoverflow.com/jobs/504204
"Tech Lead Engineering Manager, Trust and Safety Engineering",ByteDance,Singapore,https://stackoverflow.com/jobs/546397
Network Devops Engineer: CPD,Rakuten,"Tokyo, Japan",https://stackoverflow.com/jobs/524411
Researcher,IOVLABS,No office location,https://stackoverflow.com/jobs/448524
Scientific Applications Developer,DownUnder GeoSolutions Pty Ltd,"West Perth, Australia",https://stackoverflow.com/jobs/352726
Backend Developer with Cloud experience,Accenture Romania,No office location,https://stackoverflow.com/jobs/534721
Senior Security Engineer,Open Systems AG,"Noida, India",https://stackoverflow.com/jobs/548050
Data Engineer (US Only),"Pie Insurance Holdings, Inc.",No office location,https://stackoverflow.com/jobs/545525
Machine Learning Technical Lead - E-commerce Risk Management,ByteDance,Singapore,https://stackoverflow.com/jobs/525174
Engineering Manager (Data Insights),ComplyAdvantage,"London, UK",https://stackoverflow.com/jobs/528535
